﻿<?xml version="1.0" encoding="UTF-8" standalone="no"?>
<catalog>

	<tfls>
		<PGMNAME>t_demo</PGMNAME>
		<TFLTYPE>Table</TFLTYPE>
		<AREA>Report</AREA>
		<TFLNUM>14.X.X</TFLNUM>
		<SERIES>0</SERIES>
		<PGMED>-1</PGMED>
		<PGMDATE>17/11/2015</PGMDATE>
		<SOURCE>Table 14.X.X</SOURCE>
		<TITLE1>Summary of Demographic Characteristics by Treatment - [XXXXX] Population</TITLE1>
		<FOOT2>Abbreviation: BMI = body mass index, BSA = body surface area, SD = Standard Deviation.</FOOT2>
		<FOOT3>Note: N = number of subjects in the treatment group analysis set. n = Number of subjects in the specified category with non-missing values</FOOT3>
		<FOOT4>(a) p-value, for continuous variables obtained using one-way analysis of variance with treatment as factor.</FOOT4>
		<FOOT5>(b) p-value, for categorical variables obtained using chi-square test.</FOOT5>
	</tfls>
	<tfls>
		<PGMNAME>t_demo_2</PGMNAME>
		<TFLTYPE>Table</TFLTYPE>
		<AREA>Report</AREA>
		<TFLNUM>14.X.X</TFLNUM>
		<SERIES>0</SERIES>
		<PGMED>-1</PGMED>
		<PGMDATE>17/11/2015</PGMDATE>
		<SOURCE>Table 14.X.X</SOURCE>
		<SOURCE_DATA>ADSL</SOURCE_DATA>
		<TITLE1>Summary of Demographic Characteristics by Treatment - Safety Population</TITLE1>
		<FOOT2>Abbreviation: BMI = body mass index, SD = Standard Deviation.</FOOT2>
		<FOOT3>Note: N = number of subjects in the treatment group analysis set. n = Number of subjects in the specified category with non-missing values</FOOT3>
		<FOOT4></FOOT4>
		<FOOT5></FOOT5>
	</tfls>
	<tfls>
		<PGMNAME>t_title_intext</PGMNAME>
		<TFLTYPE>Table</TFLTYPE>
		<AREA>Report</AREA>
		<TFLNUM>14.X.X</TFLNUM>
		<SERIES>0</SERIES>
		<PGMED>-1</PGMED>
		<PGMDATE>17/11/2015</PGMDATE>
		<TESTED>0</TESTED>
		<SOURCE>Table 14.X.X</SOURCE>
		<TITLE1>Number (%) of Subjects Reporting Treatment Emergent Adverse Events (TEAE) by System Organ Class and Preferred Term - Safety Population</TITLE1>
		<FOOT2>Note: Classifications &gt;= of adverse events are based on the MedDRA (version xx.x).</FOOT2>
		<FOOT3>Treatment emergent adverse event is defined as any event that occurs on or after the first dose of study drug administration or any pre-existing event</FOOT3>
		<FOOT4>which worsened in severity after dosing.</FOOT4>
		<FOOT5>(a)Totals for the number of subjects at a higher level are not necessarily the sum of those at the lower levels since a subject may report two or</FOOT5>
		<FOOT6>more different adverse events within the higher level category.</FOOT6>
		<FOOT7> </FOOT7>
	</tfls>
	<tfls>
		<PGMNAME>t_status</PGMNAME>
		<TFLTYPE>Table</TFLTYPE>
		<AREA>Report</AREA>
		<TFLNUM>14.1.X</TFLNUM>
		<SERIES>0</SERIES>
		<PGMED>-1</PGMED>
		<PGMDATE>17/11/2015</PGMDATE>
		<TESTED>0</TESTED>
		<SOURCE>Table 14.1.X</SOURCE>
		<TITLE1>Summary of Subject Status</TITLE1>
		<FOOT2>(a) The safety population consisted of all subjects who received at least 1 dose of study treatment.</FOOT2>
		<FOOT3>(b) The ITT population defined as per SAP.</FOOT3>
		<FOOT4>(c) The per-protocol population consisted of all subjects in the ITT population who had no major protocol violations.</FOOT4>
		<FOOT5>(d) The completers for exposure defined as per SAP.</FOOT5>
		<FOOT6>(e) The completers for study are defined as per SAP.</FOOT6>
		<FOOT7>(f) The completers for the primary analysis are defined as per SAP.</FOOT7>
	</tfls>
	<tfls>
		<PGMNAME>t_disc</PGMNAME>
		<TFLTYPE>Table</TFLTYPE>
		<AREA>Report</AREA>
		<TFLNUM>14.1.X</TFLNUM>
		<SERIES>0</SERIES>
		<PGMED>-1</PGMED>
		<PGMDATE>17/11/2015</PGMDATE>
		<TESTED>0</TESTED>
		<SOURCE>Table 14.1.X</SOURCE>
		<TITLE1>Summary of Subject Discontinuations by Reasons- Safety Population</TITLE1>
		<FOOT2>Note: % based on number of Subjects in safety population within treatment category.</FOOT2>
		<FOOT3>(a) Total discontinued is the sum of individual reasons because they are mutually exclusive by subject number.</FOOT3>
	</tfls>	
	<tfls>
		<PGMNAME>t_cm_drug</PGMNAME>
		<TFLTYPE>Table</TFLTYPE>
		<AREA>Report</AREA>
		<TFLNUM>14.X.X</TFLNUM>
		<SERIES>0</SERIES>
		<PGMED>-1</PGMED>
		<PGMDATE>17/11/2015</PGMDATE>
		<TESTED>0</TESTED>
		<SOURCE>Table 14.X.X</SOURCE>
		<TITLE1>Summary of Prior and Concomitant Drug - Safety Population</TITLE1>
		<FOOT2>Abbreviations: Anatomic Therapeutic Chemical (ATC) classification.</FOOT2>
		<FOOT3>A specific preferred term (drug name) may be mapped into multiple ATC classification, thus a specific preferred term may be counted multiple times in</FOOT3>
		<FOOT4>different categories.</FOOT4>
		<FOOT5>Totals for the No. of Subjects at a higher level are not necessarily the sum of those at the lower levels; each subject is counted only once for each</FOOT5>
		<FOOT6>row of summary.</FOOT6>
	</tfls>	 
	<tfls>
		<PGMNAME>t_cm_nondrug</PGMNAME>
		<TFLTYPE>Table</TFLTYPE>
		<AREA>Report</AREA>
		<TFLNUM>14.X.X</TFLNUM>
		<SERIES>0</SERIES>
		<PGMED>-1</PGMED>
		<PGMDATE>17/11/2015</PGMDATE>
		<TESTED>0</TESTED>
		<SOURCE>Table 14.X.X</SOURCE>
		<TITLE1>Summary of Prior and Concomitant Non-Drug - Safety Population</TITLE1>
		<FOOT2>Note: Classifications of Non-Drug are based on the MedDRA (version xx.x).</FOOT2>
		<FOOT3>Totals for the No. of Subjects at a higher level are not necessarily the sum of those at the lower levels; each subject is counted only once for each</FOOT3>
		<FOOT4>row of summary.</FOOT4>
	</tfls>		
	<tfls>
		<PGMNAME>t_ae_summ</PGMNAME>
		<TFLTYPE>Table</TFLTYPE>
		<AREA>Report</AREA>
		<TFLNUM>14.X.X</TFLNUM>
		<SERIES>0</SERIES>
		<PGMED>-1</PGMED>
		<PGMDATE>17/11/2015</PGMDATE>
		<TESTED>0</TESTED>
		<SOURCE>Table 14.X.X</SOURCE>
		<TITLE1>Summary of Adverse Events - Safety Population</TITLE1>
		<FOOT2>Note: Percentage (%) based on number of subjects in the row category/N within the column category.</FOOT2>
		<FOOT3>Treatment emergent adverse event is defined as any event that occurs on or after the first dose of study drug administration or any pre-existing event</FOOT3>
		<FOOT4>which worsened in severity after dosing.</FOOT4>
	</tfls>	
	<tfls>
		<PGMNAME>t_ae_socpt</PGMNAME>
		<TFLTYPE>Table</TFLTYPE>
		<AREA>Report</AREA>
		<TFLNUM>14.X.X</TFLNUM>
		<SERIES>0</SERIES>
		<PGMED>-1</PGMED>
		<PGMDATE>17/11/2015</PGMDATE>
		<TESTED>0</TESTED>
		<SOURCE>Table 14.X.X</SOURCE>
		<TITLE1>Number (%) of Subjects Reporting Treatment Emergent Adverse Events (TEAE) by System Organ Class and Preferred Term - Safety Population</TITLE1>
		<FOOT2>Note: Classifications of adverse events are based on the MedDRA (version xx.x).</FOOT2>
		<FOOT3>Treatment emergent adverse event is defined as any event that occurs on or after the first dose of study drug administration or any pre-existing event</FOOT3>
		<FOOT4>which worsened in severity after dosing.</FOOT4>
		<FOOT5>(a)Totals for the number of subjects at a higher level are not necessarily the sum of those at the lower levels since a subject may report two or</FOOT5>
		<FOOT6>more different adverse events within the higher level category.</FOOT6>
	</tfls>
	<tfls>
		<PGMNAME>t_ae_socpt_grp</PGMNAME>
		<TFLTYPE>Table</TFLTYPE>
		<AREA>Report</AREA>
		<TFLNUM>14.X.X</TFLNUM>
		<SERIES>0</SERIES>
		<PGMED>-1</PGMED>
		<PGMDATE>17/11/2015</PGMDATE>
		<TESTED>0</TESTED>
		<SOURCE>Table 14.X.X</SOURCE>
		<SOURCE_DATA>ADAE</SOURCE_DATA>
		<TITLE1>Number (%) of Subjects Reporting Treatment Emergent Adverse Events (TEAE) by System Organ Class and Preferred Term - Safety Population</TITLE1>
		<FOOT2>Note: Classifications of adverse events are based on the MedDRA (version xx.x).</FOOT2>
		<FOOT3>Treatment emergent adverse event is defined as any event that occurs on or after the first dose of study drug administration or any pre-existing event</FOOT3>
		<FOOT4>which worsened in severity after dosing.</FOOT4>
		<FOOT5>(a)Totals for the number of subjects at a higher level are not necessarily the sum of those at the lower levels since a subject may report two or</FOOT5>
		<FOOT6>more different adverse events within the higher level category.</FOOT6>
	</tfls>
	<tfls>
		<PGMNAME>t_ae_socptint</PGMNAME>
		<TFLTYPE>Table</TFLTYPE>
		<AREA>Report</AREA>
		<TFLNUM>14.X.X</TFLNUM>
		<SERIES>0</SERIES>
		<PGMED>-1</PGMED>
		<PGMDATE>17/11/2015</PGMDATE>
		<TESTED>0</TESTED>
		<SOURCE>Table 14.X.X</SOURCE>
		<TITLE1>Number ### of Subjects Reporting Treatment Emergent Adverse Events (TEAE) by System Organ Class%str(,) Preferred Term and Intensity</TITLE1> 
		<TITLE2>Safety Population</TITLE2>
		<FOOT2>Note: Classifications of adverse events are based on the MedDRA (version xx.x).</FOOT2>
		<FOOT3>If a subject experiences adverse events within the same SOC and PT at different severity levels, only the worst severity will be presented for that</FOOT3>
		<FOOT4>SOC and PT.</FOOT4>
		<FOOT5>Treatment emergent adverse event is defined as any event that occurs on or after the first dose of study drug administration or any pre-existing event</FOOT5>
		<FOOT6>which worsened in severity after dosing.</FOOT6>
		<FOOT7>(a)Totals for the number of subjects at a higher level are not necessarily the sum of those at the lower levels since a subject may report two or</FOOT7>
		<FOOT8>more different adverse events within the higher level category.</FOOT8>		
	</tfls>	
	<tfls>
		<PGMNAME>t_ae_socptsev</PGMNAME>
		<TFLTYPE>Table</TFLTYPE>
		<AREA>Report</AREA>
		<TFLNUM>14.X.X</TFLNUM>
		<SERIES>0</SERIES>
		<PGMED>-1</PGMED>
		<PGMDATE>17/11/2015</PGMDATE>
		<TESTED>0</TESTED>
		<SOURCE>Table 14.X.X</SOURCE>
		<TITLE1>Number (%) of Subjects Reporting Treatment Emergent Adverse Events (TEAE) by CTC Severity and Treatment Group - Safety Population</TITLE1>
		<FOOT2>Note: Classifications of adverse events are based on the MedDRA (version xx.x).</FOOT2>
		<FOOT3>Treatment emergent adverse event is defined as any event that occurs on or after the first dose of study drug administration or any pre-existing event</FOOT3>
		<FOOT4>which worsened in severity after dosing.</FOOT4>
		<FOOT5>If a subject experiences adverse events within the same SOC and PT at different severity levels, only the worst severity will be presented for that</FOOT5>
		<FOOT6>SOC and PT.</FOOT6>
		<FOOT7>(a)Totals for the number of subjects at a higher level are not necessarily the sum of those at the lower levels since a subject may report two or</FOOT7>
		<FOOT8>more different adverse events within the higher level category.</FOOT8>
		<FOOT9>'n' is the total count of all grades.</FOOT9>
	</tfls>	
	<tfls>
		<PGMNAME>t_ae_socptincid</PGMNAME>
		<TFLTYPE>Table</TFLTYPE>
		<AREA>Report</AREA>
		<TFLNUM>14.X.X</TFLNUM>
		<SERIES>0</SERIES>
		<PGMED>-1</PGMED>
		<PGMDATE>17/11/2015</PGMDATE>
		<TESTED>0</TESTED>
		<SOURCE>Table 14.X.X</SOURCE>
		<TITLE1>Number (%) of Subjects Reporting Treatment Emergent Adverse Events (TEAE) with Incidence &gt;= X% in any Treatment Group – Safety Population</TITLE1>
		<FOOT2>Note: Classifications of adverse events are based on the MedDRA (version xx.x).</FOOT2>
		<FOOT3>Treatment emergent adverse event is defined as any event that occurs on or after the first dose of study drug administration or any pre-existing event</FOOT3>
		<FOOT4>which worsened in severity after dosing.</FOOT4>
		<FOOT5>(a)Totals for the number of subjects at a higher level are not necessarily the sum of those at the lower levels since a subject may report two or</FOOT5>
		<FOOT6>more different adverse events within the higher level category.</FOOT6>
	</tfls>	
	<tfls>
		<PGMNAME>t_ae_sochltpt</PGMNAME>
		<TFLTYPE>Table</TFLTYPE>
		<AREA>Report</AREA>
		<TFLNUM>14.X.X</TFLNUM>
		<SERIES>0</SERIES>
		<PGMED>-1</PGMED>
		<PGMDATE>17/11/2015</PGMDATE>
		<TESTED>0</TESTED>
		<SOURCE>Table 14.X.X</SOURCE>
		<TITLE1>Number (%) of Subjects Reporting Treatment Emergent Adverse Events by System Organ Class%str(,) High Level Term and Preferred Term</TITLE1>
		<TITLE2>Safety Population</TITLE2>
		<FOOT2>Note: Classifications of adverse events are based on the MedDRA (version xx.x).</FOOT2>
		<FOOT3>Treatment emergent adverse event is defined as any event that occurs on or after the first dose of study drug administration or any pre-existing</FOOT3>
		<FOOT4>event which worsened in severity after dosing.</FOOT4>
		<FOOT5>(a)Totals for the number of subjects at a higher level are not necessarily the sum of those at the lower levels since a subject may report two or</FOOT5>
		<FOOT6>more different adverse events within the higher level category.</FOOT6>
	</tfls>	
	<tfls>
		<PGMNAME>t_ae_socptev</PGMNAME>
		<TFLTYPE>Table</TFLTYPE>
		<AREA>Report</AREA>
		<TFLNUM>14.X.X</TFLNUM>
		<SERIES>0</SERIES>
		<PGMED>-1</PGMED>
		<PGMDATE>17/11/2015</PGMDATE>
		<TESTED>0</TESTED>
		<SOURCE>Table 14.X.X</SOURCE>
		<TITLE1>Treatment Emergent Adverse Events (TEAE) by System Organ Class and Preferred Term - Safety Population</TITLE1>
		<FOOT2>Note: Classifications of adverse events are based on the MedDRA (version xx.x).</FOOT2>
		<FOOT3>Treatment emergent adverse event is defined as any event that occurs on or after the first dose of study drug administration or any pre-existing event</FOOT3>
		<FOOT4>which worsened in severity after dosing.</FOOT4>
		<FOOT5>(a)Number (No.) of subjects reporting at least 1 event of type specified. For 'Subjects with Any TEAE', it represents the number of subjects reporting</FOOT5>
		<FOOT6>at least 1 event of any kind.</FOOT6>
		<FOOT7>(b)The total number of events of the type specified. Subjects can be represented more than once. For 'Any Event', it represents the total number of</FOOT7>
		<FOOT8>TEAE.</FOOT8>
	</tfls>	
	<tfls>
		<PGMNAME>t_ae_tier1</PGMNAME>
		<TFLTYPE>Table</TFLTYPE>
		<AREA>Report</AREA>
		<TFLNUM>14.X.X</TFLNUM>
		<SERIES>0</SERIES>
		<PGMED>-1</PGMED>
		<PGMDATE>17/11/2015</PGMDATE>
		<TESTED>0</TESTED>
		<SOURCE>Table 14.X.X</SOURCE>
		<TITLE1>Analysis of Tier 1 Treatment Emergent Adverse Events (TEAE) - Safety Population</TITLE1>
		<FOOT2>Note: 95 % Confidence Interval (CI) are provided to help gauge the precision of the estimates for Risk Difference.</FOOT2>
		<FOOT3>Risk Difference, 95% CI and p-value are obtained using Santner and Snell method.</FOOT3>
		<FOOT4>p-value and Confidence Interval are not adjusted for multiplicity and should be used for screening purpose only.</FOOT4>
		<FOOT5>Risk difference is computed as each of Treatment A and Treatment B vs. Placebo.</FOOT5>
		<FOOT6>Treatment emergent adverse event is defined as any event that occurs on or after the first dose of study drug administration or any pre-existing event</FOOT6>
		<FOOT7>which worsened in severity after dosing.</FOOT7>
	</tfls>	
	<tfls>
		<PGMNAME>t_ae_tier2</PGMNAME>
		<TFLTYPE>Table</TFLTYPE>
		<AREA>Report</AREA>
		<TFLNUM>14.X.X</TFLNUM>
		<SERIES>0</SERIES>
		<PGMED>-1</PGMED>
		<PGMDATE>17/11/2015</PGMDATE>
		<TESTED>0</TESTED>
		<SOURCE>Table 14.X.X</SOURCE>
		<TITLE1>Analysis of Tier 2 Treatment Emergent Adverse Events (TEAE) with Incidence &gt;=X% in any group - Safety Population</TITLE1>
		<FOOT2>Note: 95 % Confidence Interval (CI) are provided to help gauge the precision of the estimates for Risk Difference.</FOOT2>
		<FOOT3>Risk Difference, 95% CI and p-value are obtained using Santner and Snell method.</FOOT3>
		<FOOT4>Confidence Interval are not adjusted for multiplicity and should be used for screening purpose only.</FOOT4>
		<FOOT5>Risk difference is computed as each of Treatment A and Treatment B vs. Placebo.</FOOT5>
		<FOOT6>Treatment emergent adverse event is defined as any event that occurs on or after the first dose of study drug administration or any pre-existing event</FOOT6>
		<FOOT7>which worsened in severity after dosing.</FOOT7>
	</tfls>	
	<tfls>
		<PGMNAME>t_ae_tier3</PGMNAME>
		<TFLTYPE>Table</TFLTYPE>
		<AREA>Report</AREA>
		<TFLNUM>14.X.X</TFLNUM>
		<SERIES>0</SERIES>
		<PGMED>-1</PGMED>
		<PGMDATE>17/11/2015</PGMDATE>
		<TESTED>0</TESTED>
		<SOURCE>Table 14.X.X</SOURCE>
		<TITLE1>Number (%) of Subjects Reporting Tier 3 Treatment Emergent Adverse Events (TEAE) - Safety Population</TITLE1>
		<FOOT2>Note: Classifications of adverse events are based on the MedDRA (version xx.x).</FOOT2>
		<FOOT3>(a)Totals for the number of subjects at a higher level are not necessarily the sum of those at the lower levels since a subject may report two or</FOOT3>
		<FOOT4>more different adverse events within the higher level category.</FOOT4>
		<FOOT5>Treatment emergent adverse event is defined as any event that occurs on or after the first dose of study drug administration or any pre-existing event</FOOT5>
		<FOOT6>which worsened in severity after dosing.</FOOT6>
	</tfls>	
	<tfls>
		<PGMNAME>t_eg_summ</PGMNAME>
		<TFLTYPE>Table</TFLTYPE>
		<AREA>Report</AREA>
		<TFLNUM>14.X.X</TFLNUM>
		<SERIES>0</SERIES>
		<PGMED>-1</PGMED>
		<PGMDATE>17/11/2015</PGMDATE>
		<TESTED>0</TESTED>
		<SOURCE>Table 14.X.X</SOURCE>
		<TITLE1>Summary of Electrocardiogram Data by Visits- Safety Population</TITLE1>
	</tfls>
	<tfls>
		<PGMNAME>t_eg_chg</PGMNAME>
		<TFLTYPE>Table</TFLTYPE>
		<AREA>Report</AREA>
		<TFLNUM>14.X.X</TFLNUM>
		<SERIES>0</SERIES>
		<PGMED>-1</PGMED>
		<PGMDATE>17/11/2015</PGMDATE>
		<TESTED>0</TESTED>
		<SOURCE>Table 14.X.X</SOURCE>
		<TITLE1>Summary of Electrocardiogram Data Change from Baseline by Visits- Safety Population</TITLE1>
		<FOOT2>Note: n – The number of subjects with matching baseline.</FOOT2>
	</tfls>
	<tfls>
		<PGMNAME>t_eg_abnorm</PGMNAME>
		<TFLTYPE>Table</TFLTYPE>
		<AREA>Report</AREA>
		<TFLNUM>14.X.X</TFLNUM>
		<SERIES>0</SERIES>
		<PGMED>-1</PGMED>
		<PGMDATE>17/11/2015</PGMDATE>
		<TESTED>0</TESTED>
		<SOURCE>Table 14.X.X</SOURCE>
		<TITLE1>Number of Subjects Identified Associated with Abnormal Electrocardiogram%str(,) [Study Period] - Safety Population</TITLE1>
	</tfls>	
	<tfls>
		<PGMNAME>t_eg_pci</PGMNAME>
		<TFLTYPE>Table</TFLTYPE>
		<AREA>Report</AREA>
		<TFLNUM>14.X.X</TFLNUM>
		<SERIES>0</SERIES>
		<PGMED>-1</PGMED>
		<PGMDATE>17/11/2015</PGMDATE>
		<TESTED>0</TESTED>
		<SOURCE>Table 14.X.X</SOURCE>
		<TITLE1>Number of Subjects Identified Associated with Electrocardiogram Results of Potential Clinical Importance/Number Tested%str(,)</TITLE1>
		<TITLE2>[Study Period] - Safety Population </TITLE2>
	</tfls>
	<tfls>
		<PGMNAME>t_eg_shift</PGMNAME>
		<TFLTYPE>Table</TFLTYPE>
		<AREA>Report</AREA>
		<TFLNUM>14.X.X</TFLNUM>
		<SERIES>0</SERIES>
		<PGMED>-1</PGMED>
		<PGMDATE>17/11/2015</PGMDATE>
		<TESTED>0</TESTED>
		<SOURCE>Table 14.X.X</SOURCE>
		<TITLE1>Shift Summary of QTc Results by CTC Grade</TITLE1>
	</tfls>	
	<tfls>
		<PGMNAME>t_lb_cat_summ</PGMNAME>
		<TFLTYPE>Table</TFLTYPE>
		<AREA>Report</AREA>
		<TFLNUM>14.X.X</TFLNUM>
		<SERIES>0</SERIES>
		<PGMED>-1</PGMED>
		<PGMDATE>17/11/2015</PGMDATE>
		<TESTED>0</TESTED>
		<SOURCE>Table 14.X.X</SOURCE>
		<TITLE1>Summary of [Lab Test Category] Data by Visits - Safety Population</TITLE1>
	</tfls>		
	<tfls>
		<PGMNAME>t_lb_cat_chg</PGMNAME>
		<TFLTYPE>Table</TFLTYPE>
		<AREA>Report</AREA>
		<TFLNUM>14.X.X</TFLNUM>
		<SERIES>0</SERIES>
		<PGMED>-1</PGMED>
		<PGMDATE>17/11/2015</PGMDATE>
		<TESTED>0</TESTED>
		<SOURCE>Table 14.X.X</SOURCE>
		<TITLE1>Summary of Mean Change from Baseline for Continuous Clinical Laboratory Test - [Lab Test Category] - Safety Population</TITLE1>
        <FOOT2>Note: n – The number of subjects with matching baseline.</FOOT2>
	</tfls>	
	<tfls>
		<PGMNAME>t_lb_cat_median</PGMNAME>
		<TFLTYPE>Table</TFLTYPE>
		<AREA>Report</AREA>
		<TFLNUM>14.X.X</TFLNUM>
		<SERIES>0</SERIES>
		<PGMED>-1</PGMED>
		<PGMDATE>17/11/2015</PGMDATE>
		<TESTED>0</TESTED>
		<SOURCE>Table 14.X.X</SOURCE>
		<TITLE1>Median Change from Baseline for Laboratory Test Data to Last Observation - [Lab Test Category] - Safety Population </TITLE1>
        <FOOT2>Note: Last observation is defined as last observation while on study drug or during the lag.</FOOT2>
        <FOOT3>      Normalized data has been used in the computation.</FOOT3>
	</tfls>	
	<tfls>
		<PGMNAME>t_lb_abnormal</PGMNAME>
		<TFLTYPE>Table</TFLTYPE>
		<AREA>Report</AREA>
		<TFLNUM>14.X.X</TFLNUM>
		<SERIES>0</SERIES>
		<PGMED>-1</PGMED>
		<PGMDATE>17/11/2015</PGMDATE>
		<TESTED>0</TESTED>
		<SOURCE>Table 14.X.X</SOURCE>
		<TITLE1>Number of Subjects with Clinically Significant Laboratory Abnormal Test Results - Safety Population</TITLE1>
	</tfls>		
	<tfls>
		<PGMNAME>t_lb_pci</PGMNAME>
		<TFLTYPE>Table</TFLTYPE>
		<AREA>Report</AREA>
		<TFLNUM>14.X.X</TFLNUM>
		<SERIES>0</SERIES>
		<PGMED>-1</PGMED>
		<PGMDATE>17/11/2015</PGMDATE>
		<TESTED>0</TESTED>
		<SOURCE>Table 14.X.X</SOURCE>
		<TITLE1>Number of Subjects Identified Associated With Laboratory Test Results of Potential Clinical Importance/Number of Subjects Tested -</TITLE1>
		<TITLE2>Safety Population</TITLE2>
	</tfls>	
	<tfls>
		<PGMNAME>t_lb_cat_maxgrd</PGMNAME>
		<TFLTYPE>Table</TFLTYPE>
		<AREA>Report</AREA>
		<TFLNUM>14.X.X</TFLNUM>
		<SERIES>0</SERIES>
		<PGMED>-1</PGMED>
		<PGMDATE>17/11/2015</PGMDATE>
		<TESTED>0</TESTED>
		<SOURCE>Table 14.X.X</SOURCE>
		<TITLE1>Summary Results of Labs by Maximum CTCAE Grade ([Lab Test Category]%str(,) [All Cycles%str(,) Cycle-1 etc .])</TITLE1>
        <FOOT2>Note: CTCAE – Common Terminology Criteria for Adverse events.</FOOT2>
	</tfls>	
	<tfls>
		<PGMNAME>t_lb_cat_shift</PGMNAME>
		<TFLTYPE>Table</TFLTYPE>
		<AREA>Report</AREA>
		<TFLNUM>14.X.X</TFLNUM>
		<SERIES>0</SERIES>
		<PGMED>-1</PGMED>
		<PGMDATE>17/11/2015</PGMDATE>
		<TESTED>0</TESTED>
		<SOURCE>Table 14.X.X</SOURCE>
		<TITLE1>Shift Summary Results of Labs by Maximum CTCAE Grade ([Lab Test Category]%str(,) [All Cycles%str(,) Cycle-1 etc .])</TITLE1>
        <FOOT2>Note: CTCAE – Common Terminology Criteria for Adverse events.</FOOT2>
	</tfls>		
	<tfls>
		<PGMNAME>t_vs_summ</PGMNAME>
		<TFLTYPE>Table</TFLTYPE>
		<AREA>Report</AREA>
		<TFLNUM>14.X.X</TFLNUM>
		<SERIES>0</SERIES>
		<PGMED>-1</PGMED>
		<PGMDATE>17/11/2015</PGMDATE>
		<TESTED>0</TESTED>
		<SOURCE>Table 14.X.X</SOURCE>
		<TITLE1>Summary of Vital Signs Data by Visits – Safety Population</TITLE1>
	</tfls>
	<tfls>
		<PGMNAME>t_vs_chg</PGMNAME>
		<TFLTYPE>Table</TFLTYPE>
		<AREA>Report</AREA>
		<TFLNUM>14.X.X</TFLNUM>
		<SERIES>0</SERIES>
		<PGMED>-1</PGMED>
		<PGMDATE>17/11/2015</PGMDATE>
		<TESTED>0</TESTED>
		<SOURCE>Table 14.X.X</SOURCE>
		<TITLE1>Summary of Vital Sign Data Change from Baseline by Visits- Safety Population</TITLE1>
        <FOOT2>Note: n – The number of subjects with matching baseline.</FOOT2>
	</tfls>
	<tfls>
		<PGMNAME>t_vs_abnorm</PGMNAME>
		<TFLTYPE>Table</TFLTYPE>
		<AREA>Report</AREA>
		<TFLNUM>14.X.X</TFLNUM>
		<SERIES>0</SERIES>
		<PGMED>-1</PGMED>
		<PGMDATE>17/11/2015</PGMDATE>
		<TESTED>0</TESTED>
		<SOURCE>Table 14.X.X</SOURCE>
		<TITLE1>Number of Subjects Identified Associated with Abnormal Vital Signs%str(,) [Study Period] - Safety Population </TITLE1>
	</tfls>
	<tfls>
		<PGMNAME>t_vs_pci</PGMNAME>
		<TFLTYPE>Table</TFLTYPE>
		<AREA>Report</AREA>
		<TFLNUM>14.X.X</TFLNUM>
		<SERIES>0</SERIES>
		<PGMED>-1</PGMED>
		<PGMDATE>17/11/2015</PGMDATE>
		<TESTED>0</TESTED>
		<SOURCE>Table 14.X.X</SOURCE>
		<TITLE1>Number of Subjects Identified Associated with Vital Sign Results of Potential Clinical Importance/Number Tested%str(,)</TITLE1>
		<TITLE2>[Study Period] - Safety Population </TITLE2>
	</tfls>
	
	
	
	
   <tfls>
		<PGMNAME>l_demo</PGMNAME>
		<TFLTYPE>Listing</TFLTYPE>
		<AREA>Report</AREA>
		<TFLNUM>16.X.X</TFLNUM>
		<SERIES>0</SERIES>
		<PGMED>0</PGMED>
		<PGMDATE>17/11/2015</PGMDATE>
		<TESTED>0</TESTED>
		<SOURCE>Listing 16.X.X</SOURCE>
		<TITLE1>Subject Demographic Characteristics - [XXXXX] Population</TITLE1>
        <FOOT2>Abbreviation : BMI = body mass index, BSA = body surface area.</FOOT2>
	</tfls>
    <tfls>
		<PGMNAME>l_disp</PGMNAME>
		<TFLTYPE>Listing</TFLTYPE>
		<AREA>Report</AREA>
		<TFLNUM>16.1.X</TFLNUM>
		<SERIES>0</SERIES>
		<PGMED>0</PGMED>
		<PGMDATE>17/11/2015</PGMDATE>
		<TESTED>0</TESTED>
		<SOURCE>Listing 16.1.X</SOURCE>
		<TITLE1>Subject  Disposition</TITLE1>
	</tfls>
    <tfls>
		<PGMNAME>l_discae</PGMNAME>
		<TFLTYPE>Listing</TFLTYPE>
		<AREA>Report</AREA>
		<TFLNUM>16.1.X</TFLNUM>
		<SERIES>0</SERIES>
		<PGMED>0</PGMED>
		<PGMDATE>17/11/2015</PGMDATE>
		<TESTED>0</TESTED>
		<SOURCE>Listing 16.1.X</SOURCE>
		<TITLE1>Subjects Discontinued Due to Adverse Event - Safety Population</TITLE1>
	</tfls>
    <tfls>
		<PGMNAME>l_disc</PGMNAME>
		<TFLTYPE>Listing</TFLTYPE>
		<AREA>Report</AREA>
		<TFLNUM>16.1.X</TFLNUM>
		<SERIES>0</SERIES>
		<PGMED>0</PGMED>
		<PGMDATE>17/11/2015</PGMDATE>
		<TESTED>0</TESTED>
		<SOURCE>Listing 16.1.X</SOURCE>
		<TITLE1>Subjects Discontinuation</TITLE1>
	</tfls>
	<tfls>
		<PGMNAME>l_cm_drug</PGMNAME>
		<TFLTYPE>Listing</TFLTYPE>
		<AREA>Report</AREA>
		<TFLNUM>16.X.X</TFLNUM>
		<SERIES>0</SERIES>
		<PGMED>0</PGMED>
		<PGMDATE>17/11/2015</PGMDATE>
		<TESTED>0</TESTED>
		<SOURCE>Listing 16.X.X</SOURCE>
		<TITLE1>Listing of Subject Prior and Concomitant Drug – Safety Population</TITLE1>
        <FOOT2>Note: (a) Study day is relative day of onset Day 1 of study treatment. Study day in brackets [ ] is computed using the imputed date.</FOOT2>
        <FOOT3>      (b) P=medication used prior to first dose of study drug, C=during the study period.</FOOT3>
	</tfls>
	<tfls>
		<PGMNAME>l_cm_nondrug</PGMNAME>
		<TFLTYPE>Listing</TFLTYPE>
		<AREA>Report</AREA>
		<TFLNUM>16.X.X</TFLNUM>
		<SERIES>0</SERIES>
		<PGMED>0</PGMED>
		<PGMDATE>17/11/2015</PGMDATE>
		<TESTED>0</TESTED>
		<SOURCE>Listing 16.X.X</SOURCE>
		<TITLE1>Listing of Subject Prior and Concomitant Non-Drug - Safety Population</TITLE1>
        <FOOT2>Note: (a) Study day is relative day of onset Day 1 of study treatment. Study day in brackets [ ] is computed using the imputed date.</FOOT2>
        <FOOT3>      (b) P=non-drug used prior to first dose of study drug, C=during the study period.</FOOT3>
	</tfls>  
	<tfls>
		<PGMNAME>l_ae_legend</PGMNAME>
		<TFLTYPE>Listing</TFLTYPE>
		<AREA>Report</AREA>
		<TFLNUM>16.X.1</TFLNUM>
		<SERIES>0</SERIES>
		<PGMED>0</PGMED>
		<PGMDATE>17/11/2015</PGMDATE>
		<TESTED>0</TESTED>
		<SOURCE>Listing 16.X.1</SOURCE>
		<TITLE1>Adverse Events Legend Page</TITLE1>
	</tfls>  	
	<tfls>
		<PGMNAME>l_ae_socpt</PGMNAME>
		<TFLTYPE>Listing</TFLTYPE>
		<AREA>Report</AREA>
		<TFLNUM>16.X.X</TFLNUM>
		<SERIES>0</SERIES>
		<PGMED>0</PGMED>
		<PGMDATE>17/11/2015</PGMDATE>
		<TESTED>0</TESTED>
		<SOURCE>Listing 16.X.X</SOURCE>
		<TITLE1>Adverse Events by System Organ Class and Preferred Term</TITLE1>
        <FOOT2>Note: Rel Day is the number of days from start of treatment.</FOOT2>
        <FOOT3>      Rel Day in brackets [ ] is computed using the imputed date.</FOOT3>
        <FOOT4>      Classifications of adverse events are based on the MedDRA (version xx.x).</FOOT4>
        <FOOT5>      TEAE- Treatment emergent adverse event; SOC-System organ class; SAE-Serious Adverse Event; M – Male; F – Female.</FOOT5>
        <FOOT6>      Treatment emergent adverse event is defined as any event that occurs on or after the first dose of study drug administration or any pre-existing</FOOT6>
        <FOOT7>      event which worsened in severity after dosing.</FOOT7>
	</tfls>  	
	<tfls>
		<PGMNAME>l_ae_hltpt</PGMNAME>
		<TFLTYPE>Listing</TFLTYPE>
		<AREA>Report</AREA>
		<TFLNUM>16.X.X</TFLNUM>
		<SERIES>0</SERIES>
		<PGMED>0</PGMED>
		<PGMDATE>17/11/2015</PGMDATE>
		<TESTED>0</TESTED>
		<SOURCE>Listing 16.X.X</SOURCE>
		<TITLE1>Adverse Events by Higher Level Terms</TITLE1>
        <FOOT2>Note: Rel Day is the number of days from start of treatment.</FOOT2>
        <FOOT3>      Rel Day in brackets [ ] is computed using the imputed date.</FOOT3>
        <FOOT4>      Classifications of adverse events are based on the MedDRA (version xx.x).</FOOT4>
        <FOOT5>      TEAE- Treatment emergent adverse event; SOC-System organ class; SAE-Serious Adverse Event; M – Male; F – Female.</FOOT5>
        <FOOT6>      Treatment emergent adverse event is defined as any event that occurs on or after the first dose of study drug administration or any pre-existing</FOOT6>
        <FOOT7>      event which worsened in severity after dosing.</FOOT7>
	</tfls>   	
	<tfls>
		<PGMNAME>l_eg</PGMNAME>
		<TFLTYPE>Listing</TFLTYPE>
		<AREA>Report</AREA>
		<TFLNUM>16.X.X</TFLNUM>
		<SERIES>0</SERIES>
		<PGMED>0</PGMED>
		<PGMDATE>17/11/2015</PGMDATE>
		<TESTED>0</TESTED>
		<SOURCE>Listing 16.X.X</SOURCE>
		<TITLE1>Listing of Electrocardiogram Data by Treatment and Subject</TITLE1>
        <FOOT2>Note: Rel day is the number of days from the start of treatment. Electrocardiogram measurement – 12-Lead (msec)</FOOT2>
        <FOOT3>      # = value is potentially clinically important. </FOOT3>
        <FOOT4>      *Tests, which are checked for potentially clinical importance.</FOOT4>
	</tfls>
  	<tfls>
		<PGMNAME>l_vs</PGMNAME>
		<TFLTYPE>Listing</TFLTYPE>
		<AREA>Report</AREA>
		<TFLNUM>16.X.X</TFLNUM>
		<SERIES>0</SERIES>
		<PGMED>0</PGMED>
		<PGMDATE>17/11/2015</PGMDATE>
		<TESTED>0</TESTED>
		<SOURCE>Listing 16.X.X</SOURCE>
		<TITLE1>Listing of Vital Signs Measurement - Safety Population</TITLE1>
        <FOOT2>Note: Rel day is the number of days from the start of treatment.</FOOT2>
        <FOOT3>      # = value is potentially clinically important. </FOOT3>
  	</tfls>
   	<tfls>
		<PGMNAME>l_lb_ranges</PGMNAME>
		<TFLTYPE>Listing</TFLTYPE>
		<AREA>Report</AREA>
		<TFLNUM>16.X.X</TFLNUM>
		<SERIES>0</SERIES>
		<PGMED>0</PGMED>
		<PGMDATE>17/11/2015</PGMDATE>
		<TESTED>0</TESTED>
		<SOURCE>Listing 16.X.X</SOURCE>
		<TITLE1>Listing of Normal Ranges for Clinical Laboratory Data</TITLE1>
   	</tfls>
  	<tfls>
		<PGMNAME>l_lb</PGMNAME>
		<TFLTYPE>Listing</TFLTYPE>
		<AREA>Report</AREA>
		<TFLNUM>16.X.X</TFLNUM>
		<SERIES>0</SERIES>
		<PGMED>0</PGMED>
		<PGMDATE>17/11/2015</PGMDATE>
		<TESTED>0</TESTED>
		<SOURCE>Listing 16.X.X</SOURCE>
		<TITLE1>Listing of Laboratory Data by Subject</TITLE1>
        <FOOT2>Note: (H), (L) - values outside the normal range, high or low.</FOOT2>
        <FOOT3>      * - Tests which are checked for Potential Clinical Importance. </FOOT3>
        <FOOT4>      Values of potential clinical importance are indicated by either a # sign or a scale rating defined by user.</FOOT4>
  	</tfls>
 	<tfls>
		<PGMNAME>l_lb2</PGMNAME>
		<TFLTYPE>Listing</TFLTYPE>
		<AREA>Report</AREA>
		<TFLNUM>16.X.X</TFLNUM>
		<SERIES>0</SERIES>
		<PGMED>0</PGMED>
		<PGMDATE>17/11/2015</PGMDATE>
		<TESTED>0</TESTED>
		<SOURCE>Listing 16.X.X</SOURCE>
		<TITLE1>Listing of Laboratory Data by Subject </TITLE1>
        <FOOT2>Note: CTCAE – Common Terminology Criteria for Adverse events.</FOOT2>
  	</tfls>
	
</catalog>